Ticker,TPL,AZO,MNST,WRB,TSCO,NVDA,AME,ODFL,ACGL,AAPL,MO,LMT,IDXX,DECK,EME,ROL,APH,SHW,ORLY,WEC
TPL,0.0006370594218393829,5.744794945163406e-05,7.078858670370199e-05,8.827204225317496e-05,6.591966027045825e-05,0.0001530349721024437,0.0001167098821738327,9.401515939462898e-05,8.838668374166214e-05,9.788749328016076e-05,6.026997893981197e-05,6.026713149694468e-05,8.04549987088326e-05,0.000129821892656248,0.0001427195100441977,6.720418486453751e-05,0.0001374924169002368,6.806376205881899e-05,5.722831235288362e-05,3.406453170017474e-05
AZO,5.744794945163406e-05,0.0003038787670726215,6.030743356215289e-05,9.080960605129741e-05,0.0001310047984964438,0.0001276983062300414,0.000106282509073028,0.0001178223683520705,8.116993800466071e-05,0.0001030155621086092,6.203777278491717e-05,7.107836588576902e-05,8.914519500018851e-05,0.0001247255469412181,0.0001264153775624637,9.848830395046099e-05,0.0001115273837589281,0.0001183441705325933,0.0002069626780157547,6.368309048302777e-05
MNST,7.078858670370199e-05,6.030743356215289e-05,0.001398307883949704,8.373165349186781e-05,8.862631047767947e-05,0.0002003407714686835,0.0001156547713749302,9.9434250496073e-05,8.307943040262289e-05,0.0001193476561163936,6.362289642058725e-05,5.907076599720085e-05,9.70705665099923e-05,0.0001312753184934022,0.0001442116543150213,0.0001116117441477183,0.0001094372188615928,9.43377127688954e-05,8.104730493711924e-05,6.073051025717696e-05
WRB,8.827204225317496e-05,9.080960605129741e-05,8.373165349186781e-05,0.0002808491833361841,8.282222050399683e-05,0.0001143592870685856,0.0001233534914518214,0.0001184410013141828,0.0001394483286016897,8.832949218620671e-05,7.619950919078374e-05,8.834325412022834e-05,8.800688976266215e-05,0.0001150995822826706,0.0001401344866011875,0.0001126832845420876,0.0001117988150028048,9.621914099617953e-05,0.0001039600234849916,7.915271318265017e-05
TSCO,6.591966027045825e-05,0.0001310047984964438,8.862631047767947e-05,8.282222050399683e-05,0.0005502213714490353,0.0002044126233017307,0.0001327099597081618,0.0001797494317006461,8.257466621721768e-05,0.0001341662022278119,5.226546452179053e-05,7.440864955847439e-05,0.0001097402643282514,0.0001786687537010139,0.0001635976952646447,0.0001355035015842094,0.000153900281111289,0.0001390593858741548,0.0001514624743408566,5.431556088772238e-05
NVDA,0.0001530349721024437,0.0001276983062300414,0.0002003407714686835,0.0001143592870685856,0.0002044126233017307,0.001618255690198466,0.0002500498366224627,0.0002594639198362345,0.0001109087994053757,0.000386208883633524,6.378530167333975e-05,8.479989242978793e-05,0.0002236390345382735,0.0003055400272585644,0.0002844705524253927,0.000210599919584988,0.0003655092973756535,0.0001819642770389799,0.0001674556153704235,5.825985372772863e-05
AME,0.0001167098821738327,0.000106282509073028,0.0001156547713749302,0.0001233534914518214,0.0001327099597081618,0.0002500498366224627,0.0003055068517068735,0.0001827168162683778,0.0001075252263366772,0.0001538831237939363,7.411105815293491e-05,9.805049023017758e-05,0.0001235571554476141,0.0001774665844990701,0.0001999406862189825,0.0001438450489526578,0.0001924099443708071,0.0001391852439096075,0.0001240515731406216,6.983594284655715e-05
ODFL,9.401515939462898e-05,0.0001178223683520705,9.9434250496073e-05,0.0001184410013141828,0.0001797494317006461,0.0002594639198362345,0.0001827168162683778,0.0006792181618141671,0.0001115011975507044,0.0001510417789407992,6.28018142302516e-05,8.420962547623414e-05,0.0001475534321411335,0.0002087646178760202,0.0002096518358031854,0.0001574717941713601,0.000194940715777021,0.0001529592665493637,0.0001360169643632932,6.098780242889983e-05
ACGL,8.838668374166214e-05,8.116993800466071e-05,8.307943040262289e-05,0.0001394483286016897,8.257466621721768e-05,0.0001109087994053757,0.0001075252263366772,0.0001115011975507044,0.0002803558113815849,9.171813847600943e-05,6.221925890510244e-05,7.50203934167819e-05,7.914098350477521e-05,0.0001220782635645505,0.0001330156641903793,9.012412475823687e-05,0.0001014669274626572,8.71980715138741e-05,8.106783838887443e-05,6.408574665011987e-05
AAPL,9.788749328016076e-05,0.0001030155621086092,0.0001193476561163936,8.832949218620671e-05,0.0001341662022278119,0.000386208883633524,0.0001538831237939363,0.0001510417789407992,9.171813847600943e-05,0.0006192245387844956,6.420495052179831e-05,7.437050659988197e-05,0.0001568443040011195,0.0001825199402163825,0.0001603001786105922,0.0001392827559500849,0.0001980214527894267,0.0001246829362363401,0.0001303951291232282,5.597303217224148e-05
MO,6.026997893981197e-05,6.203777278491717e-05,6.362289642058725e-05,7.619950919078374e-05,5.226546452179053e-05,6.378530167333975e-05,7.411105815293491e-05,6.28018142302516e-05,6.221925890510244e-05,6.420495052179831e-05,0.0002344131635773236,6.738751813117249e-05,5.759637896489011e-05,5.184708734502299e-05,8.112637712355284e-05,6.485766723844449e-05,6.095072157348292e-05,6.778309535331475e-05,6.967727242756724e-05,6.46508886435804e-05
LMT,6.026713149694468e-05,7.107836588576902e-05,5.907076599720085e-05,8.834325412022834e-05,7.440864955847439e-05,8.479989242978793e-05,9.805049023017758e-05,8.420962547623414e-05,7.50203934167819e-05,7.437050659988197e-05,6.738751813117249e-05,0.0002497529672547554,6.95919305368596e-05,8.740090391758492e-05,0.0001101216732973481,7.93208752165371e-05,9.463529828828905e-05,8.397485502095172e-05,7.227468484554282e-05,6.656750838606986e-05
IDXX,8.04549987088326e-05,8.914519500018851e-05,9.70705665099923e-05,8.800688976266215e-05,0.0001097402643282514,0.0002236390345382735,0.0001235571554476141,0.0001475534321411335,7.914098350477521e-05,0.0001568443040011195,5.759637896489011e-05,6.95919305368596e-05,0.0004408464031296974,0.0001427739760069909,0.00014698267299707,0.0001328302848553582,0.0001604504499597361,0.0001199209697611714,0.000106791845345921,6.382774985323248e-05
DECK,0.000129821892656248,0.0001247255469412181,0.0001312753184934022,0.0001150995822826706,0.0001786687537010139,0.0003055400272585644,0.0001774665844990701,0.0002087646178760202,0.0001220782635645505,0.0001825199402163825,5.184708734502299e-05,8.740090391758492e-05,0.0001427739760069909,0.001116732135697134,0.0002354052498161076,0.0001471584016298126,0.0002063027516721768,0.00015570783166233,0.0001528463717234997,4.672214036771162e-05
EME,0.0001427195100441977,0.0001264153775624637,0.0001442116543150213,0.0001401344866011875,0.0001635976952646447,0.0002844705524253927,0.0001999406862189825,0.0002096518358031854,0.0001330156641903793,0.0001603001786105922,8.112637712355284e-05,0.0001101216732973481,0.00014698267299707,0.0002354052498161076,0.0005174367724811136,0.0001525274948913327,0.000235255035933993,0.00014928324989332,0.0001431156157920086,7.032259817871268e-05
ROL,6.720418486453751e-05,9.848830395046099e-05,0.0001116117441477183,0.0001126832845420876,0.0001355035015842094,0.000210599919584988,0.0001438450489526578,0.0001574717941713601,9.012412475823687e-05,0.0001392827559500849,6.485766723844449e-05,7.93208752165371e-05,0.0001328302848553582,0.0001471584016298126,0.0001525274948913327,0.0003490866063979909,0.0001489877698959526,0.0001168691470973602,0.0001307535320650958,7.524301727145713e-05
APH,0.0001374924169002368,0.0001115273837589281,0.0001094372188615928,0.0001117988150028048,0.000153900281111289,0.0003655092973756535,0.0001924099443708071,0.000194940715777021,0.0001014669274626572,0.0001980214527894267,6.095072157348292e-05,9.463529828828905e-05,0.0001604504499597361,0.0002063027516721768,0.000235255035933993,0.0001489877698959526,0.0004733858435657683,0.0001451844973080727,0.0001343252766763827,6.555990054126993e-05
SHW,6.806376205881899e-05,0.0001183441705325933,9.43377127688954e-05,9.621914099617953e-05,0.0001390593858741548,0.0001819642770389799,0.0001391852439096075,0.0001529592665493637,8.71980715138741e-05,0.0001246829362363401,6.778309535331475e-05,8.397485502095172e-05,0.0001199209697611714,0.00015570783166233,0.00014928324989332,0.0001168691470973602,0.0001451844973080727,0.0003133017453454488,0.0001325528086085234,6.976688663055283e-05
ORLY,5.722831235288362e-05,0.0002069626780157547,8.104730493711924e-05,0.0001039600234849916,0.0001514624743408566,0.0001674556153704235,0.0001240515731406216,0.0001360169643632932,8.106783838887443e-05,0.0001303951291232282,6.967727242756724e-05,7.227468484554282e-05,0.000106791845345921,0.0001528463717234997,0.0001431156157920086,0.0001307535320650958,0.0001343252766763827,0.0001325528086085234,0.0004190725405142684,6.507201202377759e-05
WEC,3.406453170017474e-05,6.368309048302777e-05,6.073051025717696e-05,7.915271318265017e-05,5.431556088772238e-05,5.825985372772863e-05,6.983594284655715e-05,6.098780242889983e-05,6.408574665011987e-05,5.597303217224148e-05,6.46508886435804e-05,6.656750838606986e-05,6.382774985323248e-05,4.672214036771162e-05,7.032259817871268e-05,7.524301727145713e-05,6.555990054126993e-05,6.976688663055283e-05,6.507201202377759e-05,0.0001614149221867727
