Ticker,TPL,AZO,MNST,WRB,TSCO,NVDA,AME,ODFL,ACGL,AAPL,MO,LMT,IDXX,DECK,EME,ROL,APH,SHW,ORLY,WEC
TPL,0.000637059421839383,0.0000574479494516341,0.000070788586703702,0.000088272042253175,0.0000659196602704583,0.000153034972102444,0.000116709882173833,0.000094015159394629,0.0000883866837416621,0.0000978874932801608,0.000060269978939812,0.0000602671314969447,0.0000804549987088326,0.000129821892656248,0.000142719510044198,0.0000672041848645375,0.000137492416900237,0.000068063762058819,0.0000572283123528836,0.0000340645317001747
AZO,0.0000574479494516341,0.000303878767072622,0.0000603074335621529,0.0000908096060512974,0.000131004798496444,0.000127698306230041,0.000106282509073028,0.00011782236835207,0.0000811699380046607,0.000103015562108609,0.0000620377727849172,0.000071078365885769,0.0000891451950001885,0.000124725546941218,0.000126415377562464,0.000098488303950461,0.000111527383758928,0.000118344170532593,0.000206962678015755,0.0000636830904830278
MNST,0.000070788586703702,0.0000603074335621529,0.0013983078839497,0.0000837316534918678,0.0000886263104776795,0.000200340771468684,0.00011565477137493,0.000099434250496073,0.0000830794304026229,0.000119347656116394,0.0000636228964205873,0.0000590707659972009,0.0000970705665099923,0.000131275318493402,0.000144211654315021,0.000111611744147718,0.000109437218861593,0.0000943377127688954,0.0000810473049371192,0.000060730510257177
WRB,0.000088272042253175,0.0000908096060512974,0.0000837316534918678,0.000280849183336184,0.0000828222205039968,0.000114359287068586,0.000123353491451821,0.000118441001314183,0.00013944832860169,0.0000883294921862067,0.0000761995091907837,0.0000883432541202283,0.0000880068897626621,0.000115099582282671,0.000140134486601187,0.000112683284542088,0.000111798815002805,0.0000962191409961795,0.000103960023484992,0.0000791527131826502
TSCO,0.0000659196602704583,0.000131004798496444,0.0000886263104776795,0.0000828222205039968,0.000550221371449035,0.000204412623301731,0.000132709959708162,0.000179749431700646,0.0000825746662172177,0.000134166202227812,0.0000522654645217905,0.0000744086495584744,0.000109740264328251,0.000178668753701014,0.000163597695264645,0.000135503501584209,0.000153900281111289,0.000139059385874155,0.000151462474340857,0.0000543155608877224
NVDA,0.000153034972102444,0.000127698306230041,0.000200340771468684,0.000114359287068586,0.000204412623301731,0.00161825569019847,0.000250049836622463,0.000259463919836235,0.000110908799405376,0.000386208883633524,0.0000637853016733398,0.0000847998924297879,0.000223639034538274,0.000305540027258564,0.000284470552425393,0.000210599919584988,0.000365509297375653,0.00018196427703898,0.000167455615370424,0.0000582598537277286
AME,0.000116709882173833,0.000106282509073028,0.00011565477137493,0.000123353491451821,0.000132709959708162,0.000250049836622463,0.000305506851706874,0.000182716816268378,0.000107525226336677,0.000153883123793936,0.0000741110581529349,0.0000980504902301776,0.000123557155447614,0.00017746658449907,0.000199940686218983,0.000143845048952658,0.000192409944370807,0.000139185243909607,0.000124051573140622,0.0000698359428465571
ODFL,0.000094015159394629,0.00011782236835207,0.000099434250496073,0.000118441001314183,0.000179749431700646,0.000259463919836235,0.000182716816268378,0.000679218161814167,0.000111501197550704,0.000151041778940799,0.0000628018142302516,0.0000842096254762341,0.000147553432141134,0.00020876461787602,0.000209651835803185,0.00015747179417136,0.000194940715777021,0.000152959266549364,0.000136016964363293,0.0000609878024288998
ACGL,0.0000883866837416621,0.0000811699380046607,0.0000830794304026229,0.00013944832860169,0.0000825746662172177,0.000110908799405376,0.000107525226336677,0.000111501197550704,0.000280355811381585,0.0000917181384760094,0.0000622192589051024,0.0000750203934167819,0.0000791409835047752,0.00012207826356455,0.000133015664190379,0.0000901241247582369,0.000101466927462657,0.0000871980715138741,0.0000810678383888744,0.0000640857466501199
AAPL,0.0000978874932801608,0.000103015562108609,0.000119347656116394,0.0000883294921862067,0.000134166202227812,0.000386208883633524,0.000153883123793936,0.000151041778940799,0.0000917181384760094,0.000619224538784496,0.0000642049505217983,0.000074370506599882,0.00015684430400112,0.000182519940216382,0.000160300178610592,0.000139282755950085,0.000198021452789427,0.00012468293623634,0.000130395129123228,0.0000559730321722415
MO,0.000060269978939812,0.0000620377727849172,0.0000636228964205873,0.0000761995091907837,0.0000522654645217905,0.0000637853016733398,0.0000741110581529349,0.0000628018142302516,0.0000622192589051024,0.0000642049505217983,0.000234413163577324,0.0000673875181311725,0.0000575963789648901,0.000051847087345023,0.0000811263771235528,0.0000648576672384445,0.0000609507215734829,0.0000677830953533147,0.0000696772724275672,0.0000646508886435804
LMT,0.0000602671314969447,0.000071078365885769,0.0000590707659972009,0.0000883432541202283,0.0000744086495584744,0.0000847998924297879,0.0000980504902301776,0.0000842096254762341,0.0000750203934167819,0.000074370506599882,0.0000673875181311725,0.000249752967254755,0.0000695919305368596,0.0000874009039175849,0.000110121673297348,0.0000793208752165371,0.0000946352982882891,0.0000839748550209517,0.0000722746848455428,0.0000665675083860699
IDXX,0.0000804549987088326,0.0000891451950001885,0.0000970705665099923,0.0000880068897626621,0.000109740264328251,0.000223639034538274,0.000123557155447614,0.000147553432141134,0.0000791409835047752,0.00015684430400112,0.0000575963789648901,0.0000695919305368596,0.000440846403129697,0.000142773976006991,0.00014698267299707,0.000132830284855358,0.000160450449959736,0.000119920969761171,0.000106791845345921,0.0000638277498532325
DECK,0.000129821892656248,0.000124725546941218,0.000131275318493402,0.000115099582282671,0.000178668753701014,0.000305540027258564,0.00017746658449907,0.00020876461787602,0.00012207826356455,0.000182519940216382,0.000051847087345023,0.0000874009039175849,0.000142773976006991,0.00111673213569713,0.000235405249816108,0.000147158401629813,0.000206302751672177,0.00015570783166233,0.0001528463717235,0.0000467221403677116
EME,0.000142719510044198,0.000126415377562464,0.000144211654315021,0.000140134486601187,0.000163597695264645,0.000284470552425393,0.000199940686218983,0.000209651835803185,0.000133015664190379,0.000160300178610592,0.0000811263771235528,0.000110121673297348,0.00014698267299707,0.000235405249816108,0.000517436772481114,0.000152527494891333,0.000235255035933993,0.00014928324989332,0.000143115615792009,0.0000703225981787127
ROL,0.0000672041848645375,0.000098488303950461,0.000111611744147718,0.000112683284542088,0.000135503501584209,0.000210599919584988,0.000143845048952658,0.00015747179417136,0.0000901241247582369,0.000139282755950085,0.0000648576672384445,0.0000793208752165371,0.000132830284855358,0.000147158401629813,0.000152527494891333,0.000349086606397991,0.000148987769895953,0.00011686914709736,0.000130753532065096,0.0000752430172714571
APH,0.000137492416900237,0.000111527383758928,0.000109437218861593,0.000111798815002805,0.000153900281111289,0.000365509297375653,0.000192409944370807,0.000194940715777021,0.000101466927462657,0.000198021452789427,0.0000609507215734829,0.0000946352982882891,0.000160450449959736,0.000206302751672177,0.000235255035933993,0.000148987769895953,0.000473385843565768,0.000145184497308073,0.000134325276676383,0.0000655599005412699
SHW,0.000068063762058819,0.000118344170532593,0.0000943377127688954,0.0000962191409961795,0.000139059385874155,0.00018196427703898,0.000139185243909607,0.000152959266549364,0.0000871980715138741,0.00012468293623634,0.0000677830953533147,0.0000839748550209517,0.000119920969761171,0.00015570783166233,0.00014928324989332,0.00011686914709736,0.000145184497308073,0.000313301745345449,0.000132552808608523,0.0000697668866305528
ORLY,0.0000572283123528836,0.000206962678015755,0.0000810473049371192,0.000103960023484992,0.000151462474340857,0.000167455615370424,0.000124051573140622,0.000136016964363293,0.0000810678383888744,0.000130395129123228,0.0000696772724275672,0.0000722746848455428,0.000106791845345921,0.0001528463717235,0.000143115615792009,0.000130753532065096,0.000134325276676383,0.000132552808608523,0.000419072540514268,0.0000650720120237776
WEC,0.0000340645317001747,0.0000636830904830278,0.000060730510257177,0.0000791527131826502,0.0000543155608877224,0.0000582598537277286,0.0000698359428465571,0.0000609878024288998,0.0000640857466501199,0.0000559730321722415,0.0000646508886435804,0.0000665675083860699,0.0000638277498532325,0.0000467221403677116,0.0000703225981787127,0.0000752430172714571,0.0000655599005412699,0.0000697668866305528,0.0000650720120237776,0.000161414922186773