Ticker,Expected Return (Daily)
TPL,0.001325710480078753
AZO,0.0008840047805531998
MNST,0.001848138169636397
WRB,0.0008265199473290427
TSCO,0.001156302867308794
NVDA,0.001968381613703808
AME,0.000854148264152759
ODFL,0.001259904765233775
ACGL,0.0008064777958179632
AAPL,0.001196512471586509
MO,0.0007346415263579821
LMT,0.0007551366473398212
IDXX,0.00098960146741324
DECK,0.001570828160672176
EME,0.001066599981708906
ROL,0.0008714251447939577
APH,0.001014084353357007
SHW,0.0008234047646014692
ORLY,0.0009496185113019179
WEC,0.0005883011708707492
