Ticker,Expected Return (Daily),Risk (Daily),,
TPL,0.00132571048007875,0.0252400360902948,,
AZO,0.0008840047805532,0.0174321188348583,,
MNST,0.0018481381696364,0.0373939551792762,,
WRB,0.000826519947329043,0.0167585555265417,,
TSCO,0.00115630286730879,0.0234567979794565,,
NVDA,0.00196838161370381,0.0402275488962288,,
AME,0.000854148264152759,0.0174787542950542,,
ODFL,0.00125990476523378,0.0260618142464059,,
ACGL,0.000806477795817963,0.0167438290537614,,
AAPL,0.00119651247158651,0.0248842226879703,,
MO,0.000734641526357982,0.0153105572588761,,
LMT,0.000755136647339821,0.0158035745087861,,
IDXX,0.00098960146741324,0.0209963426131719,,
DECK,0.00157082816067218,0.0334175423347848,,
EME,0.00106659998170891,0.0227472365899929,,
ROL,0.000871425144793958,0.0186838595155817,,
APH,0.00101408435335701,0.0217574319156874,,
SHW,0.000823404764601469,0.0177003317863098,,
ORLY,0.000949618511301918,0.0204712613317859,,
WEC,0.000588301170870749,0.012704917244389,,